{
  "面板": {
    "会心值": 42741,
    "会心效果值": 6096,
    "体质": 33800,
    "加速值": 2870,
    "基础攻击": 30307,
    "面板攻击": 41105,
    "无双值": 22534,
    "武器伤害_最大值": 5868,
    "武器伤害_最小值": 3521,
    "破招值": 6210,
    "破防值": 33899,
    "等级": 120,
    "身法": 6773
  },
  "装备增益": {
    "切糕会心": 0,
    "切糕会心_2": 0,
    "切糕无双": 0,
    "切糕无双_2": 0,
    "大橙武特效": true,
    "大附魔_伤帽": 1,
    "大附魔_伤腕": 1,
    "大附魔_伤腰": 1,
    "大附魔_伤衣": 1,
    "大附魔_伤鞋": 1,
    "套装会心会效": true,
    "套装技能": 0,
    "小橙武特效": false,
    "水特效武器": false,
    "水特效武器_2": false,
    "风特效腰坠": false,
    "风特效腰坠_2": true,
    "龙门武器": false
  },
  "奇穴": [
    "素矰",
    "孰湖",
    "襄尺",
    "长右",
    "鹿蜀",
    "桑柘",
    "于狩",
    "卢令",
    "托月",
    "佩弦",
    "贯侯",
    "朱厌"
  ]
}