{
  "面板": {
    "会心值": 39.59,
    "会心效果值": 190.08,
    "体质": 33800,
    "加速值": 442,
    "基础攻击": 27264,
    "面板攻击": 38076,
    "无双值": 46.7,
    "武器伤害_最大值": 5408,
    "武器伤害_最小值": 3245,
    "破招值": 12099,
    "破防值": 38.35,
    "等级": 120,
    "身法": 7456
  },
  "装备增益": {
    "切糕会心": 0,
    "切糕会心_2": 0,
    "切糕无双": 0,
    "切糕无双_2": 0,
    "大附魔_伤帽": 1,
    "大附魔_伤腕": 1,
    "大附魔_伤腰": 1,
    "大附魔_伤衣": 1,
    "大附魔_伤鞋": 1,
    "套装会心会效": true,
    "套装技能": 1,
    "大橙武特效": false,
    "小橙武特效": false,
    "水特效武器": false,
    "水特效武器_2": true,
    "风特效腰坠": false,
    "风特效腰坠_2": true,
    "龙门武器": false
  },
  "奇穴": [
    "素矰",
    "孰湖",
    "襄尺",
    "长右",
    "鹿蜀",
    "桑拓",
    "于狩",
    "卢令",
    "托月",
    "佩弦",
    "贯侯",
    "朝仪万汇"
  ],
  "百分比": true
}